Data,Parduotuve,Preke,Kaina
2026-09-15,Senukai,"Putplastis BEWI EPS100, 100 cm x 100 cm x 10 cm","63,00 €/ pak."
2026-09-15,Ermitazas,Polistireninio putplasčio plokštė TERMOPORAS EPS10,"56,99 €"
2026-09-15,ViskasNamams,Produktas: Polistirolas EPS100 100 x 1000 x 1000 m,"50,71€ / pak"
2026-09-15,MokiVezi,"Polistireninis putplastis ETNA EPS 100, matmenys 1","69,59 € / pak."
2026-09-15,Senukai,"Putplastis BEWI EPS100, 100 cm x 100 cm x 10 cm","63,00 €/ pak."
2026-09-15,Ermitazas,Polistireninio putplasčio plokštė TERMOPORAS EPS10,"56,99 €"
2026-09-15,ViskasNamams,Produktas: Polistirolas EPS100 100 x 1000 x 1000 m,"50,71€ / pak"
2026-09-15,MokiVezi,"Polistireninis putplastis ETNA EPS 100, matmenys 1","69,59 € / pak."
2026-09-16,Senukai,"Putplastis BEWI EPS100, 100 cm x 100 cm x 10 cm","63,00 €/ pak."
2026-09-16,Ermitazas,Polistireninio putplasčio plokštė TERMOPORAS EPS10,"56,99 €"
2026-09-16,ViskasNamams,Produktas: Polistirolas EPS100 100 x 1000 x 1000 m,"50,71€ / pak"
2026-09-16,MokiVezi,"Polistireninis putplastis ETNA EPS 100, matmenys 1","69,59 € / pak."
2026-09-17,Senukai,"Putplastis BEWI EPS100, 100 cm x 100 cm x 10 cm","63,00 €/ pak."
2026-09-17,Ermitazas,Polistireninio putplasčio plokštė TERMOPORAS EPS10,"56,99 €"
2026-09-17,ViskasNamams,Produktas: Polistirolas EPS100 100 x 1000 x 1000 m,"50,71€ / pak"
2026-09-17,MokiVezi,"Polistireninis putplastis ETNA EPS 100, matmenys 1","69,59 € / pak."
2026-09-18,Senukai,"Putplastis BEWI EPS100, 100 cm x 100 cm x 10 cm","63,00 €/ pak."
2026-09-18,Ermitazas,Polistireninio putplasčio plokštė TERMOPORAS EPS10,"56,99 €"
2026-09-18,ViskasNamams,Produktas: Polistirolas EPS100 100 x 1000 x 1000 m,"50,71€ / pak"
2026-09-18,MokiVezi,"Polistireninis putplastis ETNA EPS 100, matmenys 1","69,59 € / pak."
2026-09-19,Senukai,"Putplastis BEWI EPS100, 100 cm x 100 cm x 10 cm","63,00 €/ pak."
2026-09-19,Ermitazas,Polistireninio putplasčio plokštė TERMOPORAS EPS10,"56,99 €"
2026-09-19,ViskasNamams,Produktas: Polistirolas EPS100 100 x 1000 x 1000 m,"50,71€ / pak"
2026-09-19,MokiVezi,"Polistireninis putplastis ETNA EPS 100, matmenys 1","69,59 € / pak."
2026-09-20,Senukai,"Putplastis BEWI EPS100, 100 cm x 100 cm x 10 cm","63,00 €/ pak."
2026-09-20,Ermitazas,Polistireninio putplasčio plokštė TERMOPORAS EPS10,"56,99 €"
2026-09-20,ViskasNamams,Produktas: Polistirolas EPS100 100 x 1000 x 1000 m,"50,71€ / pak"
2026-09-20,MokiVezi,"Polistireninis putplastis ETNA EPS 100, matmenys 1","69,59 € / pak."
2026-09-21,Senukai,"Putplastis BEWI EPS100, 100 cm x 100 cm x 10 cm","63,00 €/ pak."
2026-09-21,Ermitazas,Polistireninio putplasčio plokštė TERMOPORAS EPS10,"56,99 €"
2026-09-21,ViskasNamams,Produktas: Polistirolas EPS100 100 x 1000 x 1000 m,"50,71€ / pak"
2026-09-21,MokiVezi,"Polistireninis putplastis ETNA EPS 100, matmenys 1","69,59 € / pak."
2026-09-22,Senukai,"Putplastis BEWI EPS100, 100 cm x 100 cm x 10 cm","63,00 €/ pak."
2026-09-22,Ermitazas,Polistireninio putplasčio plokštė TERMOPORAS EPS10,"56,99 €"
2026-09-22,ViskasNamams,Produktas: Polistirolas EPS100 100 x 1000 x 1000 m,"50,71€ / pak"
2026-09-22,MokiVezi,"Polistireninis putplastis ETNA EPS 100, matmenys 1","69,59 € / pak."
2026-09-23,Senukai,"Putplastis BEWI EPS100, 100 cm x 100 cm x 10 cm","63,00 €/ pak."
2026-09-23,Ermitazas,Polistireninio putplasčio plokštė TERMOPORAS EPS10,"56,99 €"
2026-09-23,ViskasNamams,Produktas: Polistirolas EPS100 100 x 1000 x 1000 m,"50,71€ / pak"
2026-09-23,MokiVezi,"Polistireninis putplastis ETNA EPS 100, matmenys 1","69,59 € / pak."
2026-09-24,Senukai,"Putplastis BEWI EPS100, 100 cm x 100 cm x 10 cm","63,00 €/ pak."
2026-09-24,Ermitazas,Polistireninio putplasčio plokštė TERMOPORAS EPS10,"56,99 €"
2026-09-24,MokiVezi,"Polistireninis putplastis ETNA EPS 100, matmenys 1","69,59 € / pak."
